WL,ALB
300.0,0.02333921339141264
301.0,0.02311602628701025
302.0,0.02293536324161436
303.0,0.022705124142629055
304.0,0.022600052180579415
305.0,0.022561088951594994
306.0,0.022527784126262104
307.0,0.02251810892523881
308.0,0.02250882603714638
309.0,0.022494199440732984
310.0,0.022528800834052988
311.0,0.022518525822063946
312.0,0.022539320909844673
313.0,0.02255439294391111
314.0,0.022537483383572837
315.0,0.022577376392706554
316.0,0.022555181138600354
317.0,0.02256562544904994
318.0,0.02254377365706897
319.0,0.022620289922196033
320.0,0.022500817336918128
321.0,0.022619500405570328
322.0,0.022499909149459252
323.0,0.022516951966533562
324.0,0.022590398562067734
325.0,0.022442336367137775
326.0,0.022518350855721923
327.0,0.022508634228634042
328.0,0.022375581881926107
329.0,0.0224807098007373
330.0,0.02244407930891862
331.0,0.02233763149375026
332.0,0.022387336787431093
333.0,0.02235789452795939
334.0,0.02227252073756717
335.0,0.02230385068366148
336.0,0.02227774445578997
337.0,0.022194009680113733
338.0,0.02218471989084319
339.0,0.022172746174867048
340.0,0.022109309957392364
341.0,0.022094713098075255
342.0,0.02206946032523128
343.0,0.02202810242361446
344.0,0.021962101621465727
345.0,0.02195217770814066
346.0,0.021923114197949237
347.0,0.021882963974369535
348.0,0.02185057536981226
349.0,0.021819228506947914
350.0,0.02178285829472091
351.0,0.021743041415003
352.0,0.021704125211280616
353.0,0.021674547275643687
354.0,0.021641778729749744
355.0,0.02160477288634383
356.0,0.02157173430136653
357.0,0.021536743183486303
358.0,0.02150304671082135
359.0,0.0214679484034065
360.0,0.02143222443379048
361.0,0.02140001615086945
362.0,0.0213684046999282
363.0,0.021335644088239188
364.0,0.02130311987295124
365.0,0.021270328063261214
366.0,0.021238328097700685
367.0,0.02120688562697238
368.0,0.021175023155248825
369.0,0.021144719455930956
370.0,0.021113489349004616
371.0,0.02108433930737522
372.0,0.02105099654496828
373.0,0.021023939922165114
374.0,0.02099378096362755
375.0,0.020966117837726915
376.0,0.020934919019050535
377.0,0.02090890456907256
378.0,0.02088130601799696
379.0,0.020849850462568358
380.0,0.02082276490405875
381.0,0.02079421498259381
382.0,0.02076755542279792
383.0,0.020734066208929636
384.0,0.02070768070468343
385.0,0.020678197639765732
386.0,0.02065226216856613
387.0,0.020627692194677
388.0,0.020595654590511932
389.0,0.02056721635813127
390.0,0.02055132268036683
391.0,0.020519046748476353
392.0,0.020490494408823674
393.0,0.020461877615558326
394.0,0.02043556448612941
395.0,0.020406782895156857
396.0,0.020379835282458722
397.0,0.0203371650186416
398.0,0.020315292243934753
399.0,0.020285730176543497
400.0,0.020250555528487955
401.0,0.020206952399862886
402.0,0.02015876539855016
403.0,0.02011201417396861
404.0,0.020067745789973612
405.0,0.020024289716090445
406.0,0.01997862763613812
407.0,0.019935753718534302
408.0,0.019894425897726033
409.0,0.01985123227148698
410.0,0.01981181680646189
411.0,0.019766626043650582
412.0,0.01972734013399774
413.0,0.019688377023131167
414.0,0.019646836706527313
415.0,0.019608780705076836
416.0,0.019570642072907644
417.0,0.01953203154163231
418.0,0.019497928205742976
419.0,0.019460416967376458
420.0,0.019424551100917738
421.0,0.019388135357609
422.0,0.01934972204414141
423.0,0.019316094205163267
424.0,0.019284658513658272
425.0,0.0192490870358746
426.0,0.019217979324200597
427.0,0.019188856560685558
428.0,0.019157095924460806
429.0,0.01912619094771635
430.0,0.01909650174427631
431.0,0.019059918542702736
432.0,0.019028241805129402
433.0,0.018994816591434777
434.0,0.018966560544219878
435.0,0.01893827292738117
436.0,0.018909969679907847
437.0,0.01888689318513919
438.0,0.018863694286976068
439.0,0.018835658724755202
440.0,0.018813858707159452
441.0,0.0187941069717153
442.0,0.018775126200597184
443.0,0.018759892595319735
444.0,0.018744871647164988
445.0,0.018736706493693824
446.0,0.018732101415036277
447.0,0.018724113520576718
448.0,0.018724969569157684
449.0,0.018733618820288366
450.0,0.018743764930415983
451.0,0.018765788710305212
452.0,0.01879528514079584
453.0,0.018831660760629983
454.0,0.018869531386945134
455.0,0.018907027821737837
456.0,0.018950835564049206
457.0,0.018995339439361575
458.0,0.019037824743745987
459.0,0.019080286585541634
460.0,0.01911575080274253
461.0,0.019149797746087553
462.0,0.019180712077872576
463.0,0.019205114170068812
464.0,0.01923598119784019
465.0,0.019264895202516057
466.0,0.019292306334035284
467.0,0.019314177730018357
468.0,0.019325744140297578
469.0,0.019344180907803283
470.0,0.019362917032748644
471.0,0.019373461229926316
472.0,0.019385490851788947
473.0,0.019397054195729024
474.0,0.019404402323814268
475.0,0.019412578382054423
476.0,0.01942117904049402
477.0,0.01944247027244263
478.0,0.01945830164236396
479.0,0.019478622606188725
480.0,0.01950634877776071
481.0,0.019543000277721104
482.0,0.019597409167650646
483.0,0.019658325725590634
484.0,0.019735838147245652
485.0,0.019834026272122933
486.0,0.019950642611346076
487.0,0.02008776263370444
488.0,0.020250820075400567
489.0,0.020442988035677782
490.0,0.020659470341802308
491.0,0.020902631509962136
492.0,0.02118336022963774
493.0,0.021502167489178547
494.0,0.021859559394029303
495.0,0.022263509600166743
496.0,0.022719907436791045
497.0,0.023231041883465274
498.0,0.023804453624758075
499.0,0.024439773690794205
500.0,0.025148564828580487
501.0,0.02593554885518764
502.0,0.026795712044660268
503.0,0.02775112422770921
504.0,0.028797254995737806
505.0,0.029951052110238695
506.0,0.03121305801970584
507.0,0.032614980007292384
508.0,0.03416917510114546
509.0,0.03582699703040551
510.0,0.037620477192437995
511.0,0.03955506531338397
512.0,0.041626233634764725
513.0,0.04393048172026228
514.0,0.0463988300635748
515.0,0.048941874911451244
516.0,0.05162381330494716
517.0,0.05442958024198538
518.0,0.057318683442212075
519.0,0.06027630529750363
520.0,0.06327490922433797
521.0,0.06619340183455409
522.0,0.06908610687229232
523.0,0.07181715849052644
524.0,0.07438576953402656
525.0,0.07670503523043928
526.0,0.07880531374708405
527.0,0.08053943884714311
528.0,0.08200443592375796
529.0,0.08309000606973341
530.0,0.08393733328714809
531.0,0.08439841912871908
532.0,0.08464915512544456
533.0,0.0846000173675776
534.0,0.08439281933200315
535.0,0.0839468289965523
536.0,0.08340005559080323
537.0,0.08263956570813324
538.0,0.08186015761091149
539.0,0.08096703285873687
540.0,0.08007343271522258
541.0,0.07913349300249134
542.0,0.07818173559282877
543.0,0.07733666535361003
544.0,0.07653747620834044
545.0,0.07580913828146103
546.0,0.07510681901056103
547.0,0.07447894281642617
548.0,0.0738869029320222
549.0,0.07331842425802992
550.0,0.07277079499297909
551.0,0.07219199158674515
552.0,0.07160521765820706
553.0,0.07103369246092395
554.0,0.07041001003344902
555.0,0.06967441502025526
556.0,0.06880888766077377
557.0,0.06791707114731342
558.0,0.06701616333803016
559.0,0.06609773044696858
560.0,0.06524514128724106
561.0,0.06435521235356191
562.0,0.06340755024769358
563.0,0.06239026139595378
564.0,0.06132783053572921
565.0,0.0601796620968275
566.0,0.05898417868419023
567.0,0.057737434176931925
568.0,0.05646854805216324
569.0,0.05516127106294374
570.0,0.053876516027940594
571.0,0.052610059691826756
572.0,0.051368988613184126
573.0,0.05018417192403853
574.0,0.0490642369873079
575.0,0.048003756916313985
576.0,0.04701623222736585
577.0,0.04608345681732916
578.0,0.045224137359938056
579.0,0.0444184918281586
580.0,0.04366926123094927
581.0,0.0429482135312766
582.0,0.04226243888011195
583.0,0.04163673537906461
584.0,0.041046348556368684
585.0,0.04047829956449395
586.0,0.03995350979242668
587.0,0.0394635861788897
588.0,0.039007192006859204
589.0,0.03856311655902894
590.0,0.038190086694865136
591.0,0.03785477253701061
592.0,0.037528021374908016
593.0,0.03724356689188709
594.0,0.03696837137701506
595.0,0.03671563007885352
596.0,0.03650081045149362
597.0,0.036262341995848366
598.0,0.03603981848496587
599.0,0.03580847366531816
600.0,0.03557582714664159
601.0,0.03532071735126497
602.0,0.03504940747878029
603.0,0.03476071102085394
604.0,0.03444521531904218
605.0,0.034107252303917396
606.0,0.03374760222792067
607.0,0.03336101310445909
608.0,0.03295191832021697
609.0,0.0325250435963801
610.0,0.03209526534576733
611.0,0.031672004132308515
612.0,0.03123950434279964
613.0,0.03080203648429381
614.0,0.030369253696816673
615.0,0.02995879235657493
616.0,0.02956698194174315
617.0,0.029189009409047922
618.0,0.028840577106997632
619.0,0.028528269974764667
620.0,0.028251801348030472
621.0,0.027995497628994153
622.0,0.02777355187293389
623.0,0.027578097461134345
624.0,0.027419402731653334
625.0,0.027290141261617558
626.0,0.02717761876882627
627.0,0.02708908403197511
628.0,0.026978405014624007
629.0,0.0269269953090617
630.0,0.026846627966748974
631.0,0.026774244534232012
632.0,0.026668134284703424
633.0,0.02653414152051012
634.0,0.02635970428052349
635.0,0.026137282646875568
636.0,0.025870721732513587
637.0,0.02554975879217019
638.0,0.025198640753291365
639.0,0.024804974022777263
640.0,0.02439538409343867
641.0,0.023962565223913265
642.0,0.023524314909369785
643.0,0.023081727546660716
644.0,0.022648575463784962
645.0,0.0222260006430451
646.0,0.021825880584502886
647.0,0.021454188162591592
648.0,0.021118078029042774
649.0,0.0208339344224036
650.0,0.020585074871952914
651.0,0.0203701851991579
652.0,0.020157168509113924
653.0,0.019982753590806767
654.0,0.01979318863743023
655.0,0.01958481920438297
656.0,0.019371423551242092
657.0,0.01913008047513564
658.0,0.01887527524061625
659.0,0.018596517725864896
660.0,0.018306413561777653
661.0,0.018004732469023694
662.0,0.017713225723412843
663.0,0.017443849407177463
664.0,0.017198580642959586
665.0,0.01696549678270315
666.0,0.016762181649631475
667.0,0.016594008057756477
668.0,0.016449929829400238
669.0,0.016329586993714548
670.0,0.0162300920389133
671.0,0.01615148808233921
672.0,0.016089718973564055
673.0,0.016042827198631534
674.0,0.01600528410170377
675.0,0.015976366895359948
676.0,0.015958861258664983
677.0,0.015957689544122775
678.0,0.01596402146415403
679.0,0.01600526467094403
680.0,0.01605932655865439
681.0,0.016181281806011104
682.0,0.01633579480434611
683.0,0.016586386172453196
684.0,0.01691856908003591
685.0,0.017402609147689905
686.0,0.018025053077006123
687.0,0.01871446419792626
688.0,0.01979732640450445
689.0,0.02111834427590852
690.0,0.022755786647246524
691.0,0.02473583584239508
692.0,0.027077476351368167
693.0,0.02979518934028854
694.0,0.032903258387064795
695.0,0.036395288731461056
696.0,0.040248201842497514
697.0,0.04450228537937474
698.0,0.04904091343969325
699.0,0.05378129445687396
700.0,0.05885652435947821
701.0,0.06406107536555315
702.0,0.06944186228580483
703.0,0.07488236766554687
704.0,0.08043065998697198
705.0,0.08597807885445989
706.0,0.09157518217343726
707.0,0.0971941376856491
708.0,0.10282001361881152
709.0,0.10853273147743651
710.0,0.11426159680285654
711.0,0.12004949657748663
712.0,0.12590905716118003
713.0,0.13178637568357268
714.0,0.13773857605074147
715.0,0.14368848081063482
716.0,0.1497639494219249
717.0,0.1555305927130504
718.0,0.16152559806617114
719.0,0.1675774807065697
720.0,0.17388551355779744
721.0,0.18041625427932187
722.0,0.18709467189535617
723.0,0.19313739128358756
724.0,0.19912370630480092
725.0,0.20531950449509162
726.0,0.21163719227119465
727.0,0.21772308681517516
728.0,0.223616288556947
729.0,0.22970923637482535
730.0,0.2356124540621233
731.0,0.2411463789216708
732.0,0.24689479354455277
733.0,0.2525129469129526
734.0,0.2577312406734739
735.0,0.2626722093995748
736.0,0.26747989704504954
737.0,0.2720366655768011
738.0,0.2764992180716236
739.0,0.2806456702312376
740.0,0.28459256783795844
741.0,0.2882142877182645
742.0,0.29166545196667737
743.0,0.29482902173827197
744.0,0.29779178868761
745.0,0.30051516339677153
746.0,0.3030403420367703
747.0,0.3053056484232646
748.0,0.30732221734553994
749.0,0.3091550074117366
750.0,0.3107858688849425
751.0,0.3124491650828775
752.0,0.3141240680355775
753.0,0.31576064003721876
754.0,0.31741843118134644
755.0,0.3190853431002311
756.0,0.32075436129716
757.0,0.3224233791097849
758.0,0.32405736910257216
759.0,0.32559007028012227
760.0,0.32364058160543324
761.0,0.32482612201176225
762.0,0.3283563689800895
763.0,0.32867677724661104
764.0,0.33072964877711236
765.0,0.3327227148432336
766.0,0.33471013829076174
767.0,0.3366371458731067
768.0,0.33838542082596307
769.0,0.33968095724347236
770.0,0.3409178409571301
771.0,0.3420206280957973
772.0,0.3429560569015692
773.0,0.3438154162607158
774.0,0.3445309081519203
775.0,0.34518587130109724
776.0,0.3457345473212245
777.0,0.34613644058994886
778.0,0.34640100122400935
779.0,0.3465746818063524
780.0,0.34659241021911286
781.0,0.3465676227948987
782.0,0.3465401406389945
783.0,0.34649545847357743
784.0,0.3464601420827777
785.0,0.3464328211516394
786.0,0.3464078759036285
787.0,0.3463150753556721
788.0,0.34626306720125405
789.0,0.34616835083781394
790.0,0.34603862769515
791.0,0.34609889588109743
792.0,0.3460707083929059
793.0,0.34600802622325966
794.0,0.34608510154559674
795.0,0.34604378361721827
796.0,0.3458654998393876
797.0,0.34583945341403866
798.0,0.3459334714449539
799.0,0.3458909949384673
800.0,0.3457973956795765
801.0,0.34572343740565603
802.0,0.3456936560802723
803.0,0.34565743866314136
804.0,0.3456358066866187
805.0,0.3456255319406979
806.0,0.34564306604902645
807.0,0.34558280980765826
808.0,0.34555279993926163
809.0,0.34547910811709853
810.0,0.3453943686168057
811.0,0.34533074602097175
812.0,0.3451809406353591
813.0,0.34508282829559617
814.0,0.3446182799867448
815.0,0.344562679420651
816.0,0.34427634678208424
817.0,0.34430279342811115
818.0,0.34421057294784546
819.0,0.3445557495781761
820.0,0.3443409503228219
821.0,0.3448433275740721
822.0,0.3446814642489278
823.0,0.34343314180728685
824.0,0.34446976318548134
825.0,0.34456108417367365
826.0,0.34430897435774926
827.0,0.34446394124823465
828.0,0.3438674561805267
829.0,0.3441418709880223
830.0,0.34403313417103404
831.0,0.34399892665466963
832.0,0.34381518507779746
833.0,0.34409060194460617
834.0,0.34390352134400826
835.0,0.3441497640386008
836.0,0.343911372799256
837.0,0.344057197928581
838.0,0.3439539638719842
839.0,0.3439746552075068
840.0,0.3439451495513869
841.0,0.3438832182865639
842.0,0.34388397867591564
843.0,0.34388969819716564
844.0,0.3438207997590035
845.0,0.3438327417458094
846.0,0.343785045558585
847.0,0.3437732116353106
848.0,0.3437143469160904
849.0,0.3436642161744454
850.0,0.3436394116688301
851.0,0.3435748990472242
852.0,0.3435293256725947
853.0,0.34350314364944207
854.0,0.34345178737456167
855.0,0.3434359120447694
856.0,0.3433879062877121
857.0,0.34339572272678387
858.0,0.3433732090635265
859.0,0.3433305273952329
860.0,0.3432899450426988
861.0,0.34325314962830455
862.0,0.34323081425596436
863.0,0.34320101833667366
864.0,0.3431834107926259
865.0,0.34314738026072317
866.0,0.3431066030956336
867.0,0.34307075155764116
868.0,0.3430375957252782
869.0,0.3430150546235966
870.0,0.3429779201687399
871.0,0.3429365385515892
872.0,0.342900930560216
873.0,0.34286901865581776
874.0,0.3428104743400585
875.0,0.34275741390216247
876.0,0.3427202473566098
877.0,0.34267512609226664
878.0,0.34263579366216984
879.0,0.34259795272516386
880.0,0.34254912193818915
881.0,0.34250417893005025
882.0,0.3424770513437208
883.0,0.3424542269782312
884.0,0.3423980184261585
885.0,0.3423479214643454
886.0,0.3422790816153753
887.0,0.3422879502548225
888.0,0.3422164638568064
889.0,0.34220707214033064
890.0,0.34211789325869996
891.0,0.34210372633168873
892.0,0.342027045181648
893.0,0.3419056775156261
894.0,0.3417474774227811
895.0,0.34152079784918316
896.0,0.3412228601588053
897.0,0.3408109760757374
898.0,0.3410066868419959
899.0,0.3402738681190402
900.0,0.3410686435066357
901.0,0.3404702539836629
902.0,0.34080960353535167
903.0,0.34070643734146694
904.0,0.341340779984175
905.0,0.3411936255468421
906.0,0.34101951266337016
907.0,0.34036545939417207
908.0,0.3404304954951149
909.0,0.34066511651466325
910.0,0.3402316692706546
911.0,0.34037768984388006
912.0,0.34043867314702747
913.0,0.34008443716864517
914.0,0.34003089602230474
915.0,0.3402392187857742
916.0,0.33973164415339013
917.0,0.34030945136133905
918.0,0.3396521531969058
919.0,0.3402032296051037
920.0,0.3401933643261231
921.0,0.3403219288646646
922.0,0.33985063005571264
923.0,0.34006787040150105
924.0,0.3397090336108709
925.0,0.3395338860345669
926.0,0.3395203145303952
927.0,0.3396769726099418
928.0,0.3387068633160795
929.0,0.33829670457266586
930.0,0.3375828310272931
931.0,0.33739603206372143
932.0,0.3367761794466458
933.0,0.3364231264791368
934.0,0.33583164590100206
935.0,0.3361282852464112
936.0,0.3354805916161208
937.0,0.33524086903590294
938.0,0.3352427612432968
939.0,0.33595788200358284
940.0,0.33603428117915835
941.0,0.33518274633208706
942.0,0.3351044724539625
943.0,0.33431419983324673
944.0,0.33414390507850267
945.0,0.33418551069284125
946.0,0.33312025978918414
947.0,0.3336284601301168
948.0,0.333015398090418
949.0,0.33347317419890127
950.0,0.33121643019545866
951.0,0.33218342424339764
952.0,0.3308977337323676
953.0,0.3307390922067757
954.0,0.3306069726982751
955.0,0.32984160835703996
956.0,0.3293265335840736
957.0,0.3286507272297823
958.0,0.3291708180765658
959.0,0.328512093762091
960.0,0.3283850011180694
961.0,0.3281527479724268
962.0,0.32786149453186797
963.0,0.32807602578187345
964.0,0.3278111688406559
965.0,0.3278663516119193
966.0,0.3277882665907245
967.0,0.32765744155465915
968.0,0.328332312697548
969.0,0.3283936291152151
970.0,0.32812060206221155
971.0,0.3284703246185277
972.0,0.3282467942445924
973.0,0.3278593063172287
974.0,0.3276864951401561
975.0,0.3277020674812036
976.0,0.32758055746465875
977.0,0.327929458130916
978.0,0.3277826010976019
979.0,0.32796773867924167
980.0,0.3278171119151782
981.0,0.32834521808020134
982.0,0.3282342366739191
983.0,0.3282063914777789
984.0,0.32859577909721904
985.0,0.3284324690414411
986.0,0.3287918486208884
987.0,0.3288296080805726
988.0,0.32891716091964734
989.0,0.3290926019214303
990.0,0.3290975500191587
991.0,0.3292922103526584
992.0,0.3294203490498594
993.0,0.32942775501022303
994.0,0.3296034648208352
995.0,0.32971455238806324
996.0,0.32982113377336975
997.0,0.32994031262905293
998.0,0.3300673931341651
999.0,0.33020504176499516
1000.0,0.3303146445348302
1001.0,0.33046791278308557
1002.0,0.3305374358510763
1003.0,0.3306995840588256
1004.0,0.3308060170027012
1005.0,0.33095376453963626
1006.0,0.33108433447483865
1007.0,0.3312449563459649
1008.0,0.3313789795140436
1009.0,0.33153025475889614
1010.0,0.33167561410143903
1011.0,0.33186481604811946
1012.0,0.3319993345482613
1013.0,0.33215414558229195
1014.0,0.33229044702781063
1015.0,0.33244341631450813
1016.0,0.33256698323930173
1017.0,0.3326785971012612
1018.0,0.3328103406994338
1019.0,0.33296201574638085
1020.0,0.3331381853657781
1021.0,0.33329408748324313
1022.0,0.33343775067924575
1023.0,0.33360216213511307
1024.0,0.3337346096569913
1025.0,0.33390397083257095
1026.0,0.33402018037098796
1027.0,0.3341401377693795
1028.0,0.3342992960370147
1029.0,0.33449513364475386
1030.0,0.33463496861041303
1031.0,0.3346973819345955
1032.0,0.3347712191298722
1033.0,0.3348408985414369
1034.0,0.33496659597728196
1035.0,0.3350944383129698
1036.0,0.3352236769628051
1037.0,0.33532151172680064
1038.0,0.3354575019789063
1039.0,0.3355663300359413
1040.0,0.3356740408356719
1041.0,0.3357659929132907
1042.0,0.3358705947132328
1043.0,0.33594869039518993
1044.0,0.3360291018375542
1045.0,0.3360761210091099
1046.0,0.33614379723258864
1047.0,0.33624517867209713
1048.0,0.33632487627465707
1049.0,0.3364129149573874
1050.0,0.3364872440415909
1051.0,0.33653101184835266
1052.0,0.3366020481741678
1053.0,0.33665587652251866
1054.0,0.33673428898215657
1055.0,0.3367539812511515
1056.0,0.33678735532140264
1057.0,0.3368025602952432
1058.0,0.3368262735220657
1059.0,0.3368529984287808
1060.0,0.33690866397555913
1061.0,0.3369563238498026
1062.0,0.3369666380373041
1063.0,0.33698894937291446
1064.0,0.33698651518669265
1065.0,0.336995400328966
1066.0,0.33699032138603996
1067.0,0.3370031725317891
1068.0,0.33700816565114783
1069.0,0.3370087151272035
1070.0,0.3369826480438958
1071.0,0.33699736354379667
1072.0,0.336968835212
1073.0,0.3369722094625916
1074.0,0.3369980352755342
1075.0,0.3369105819822571
1076.0,0.3369198589176939
1077.0,0.33683070078191224
1078.0,0.3368027164123227
1079.0,0.33686314784460014
1080.0,0.3367748802080811
1081.0,0.33671170894932034
1082.0,0.3367181401199088
1083.0,0.33665647095550066
1084.0,0.3364670878192759
1085.0,0.3365031084130513
1086.0,0.33622929906755455
1087.0,0.33637323797425756
1088.0,0.3363587706147626
1089.0,0.33620963279244215
1090.0,0.33602067171997974
1091.0,0.3360658253394055
1092.0,0.33603116821028683
1093.0,0.33566890884334816
1094.0,0.3359072183436177
1095.0,0.3356059570934621
1096.0,0.3353797350679393
1097.0,0.3356098078236689
1098.0,0.33510608413806414
1099.0,0.3350835585477699
1100.0,0.3348342808834766
1101.0,0.33482362362232687
1102.0,0.33463451675714245
1103.0,0.3344598345878181
1104.0,0.33442613885830824
1105.0,0.3345549871820576
1106.0,0.3339401041314886
1107.0,0.33424700698077586
1108.0,0.33376947974861
1109.0,0.3336704438689386
1110.0,0.3339170378064745
1111.0,0.33313222133567616
1112.0,0.33337800420017516
1113.0,0.33257209471486776
1114.0,0.3326698717554415
1115.0,0.3324817048577521
1116.0,0.3322168728795715
1117.0,0.331511018286694
1118.0,0.3320069008485728
1119.0,0.33141104883400374
1120.0,0.3314157479846334
1121.0,0.33148097588411796
1122.0,0.33081375037567096
1123.0,0.3308269452647269
1124.0,0.33060003741425753
1125.0,0.33062505791319463
1126.0,0.3300030464363054
1127.0,0.3301124336004028
1128.0,0.32945647990345084
1129.0,0.32920286282080585
1130.0,0.32872014675688227
1131.0,0.3293112814784568
1132.0,0.3283653446578716
1133.0,0.3272835480960724
1134.0,0.3261397282663205
1135.0,0.3254459115166041
1136.0,0.3253741239212226
1137.0,0.32550881716669466
1138.0,0.32442773492700305
1139.0,0.3238829200871883
1140.0,0.32241921152424396
1141.0,0.3209249764243282
1142.0,0.32017465514903476
1143.0,0.31979491900294993
1144.0,0.31795672619448334
1145.0,0.3167729357154882
1146.0,0.3154584805605868
1147.0,0.314099298866033
1148.0,0.31437828794246514
1149.0,0.31354699359919624
1150.0,0.31244074703975233
1151.0,0.3119950314190254
1152.0,0.3114704810194362
1153.0,0.31072499033882367
1154.0,0.3095513555341434
1155.0,0.3098494692170034
1156.0,0.3094764274268825
1157.0,0.30938458874813174
1158.0,0.3091219902914874
1159.0,0.3090293228807943
1160.0,0.3085668639853208
1161.0,0.30864488486042185
1162.0,0.30836126578733736
1163.0,0.3088830800467447
1164.0,0.3083633959563722
1165.0,0.30827729157123873
1166.0,0.30825424962961934
1167.0,0.30838944170397786
1168.0,0.3081719418646651
1169.0,0.3082466025623358
1170.0,0.30834836336076654
1171.0,0.30828089890000976
1172.0,0.30806912915873863
1173.0,0.30784456431884205
1174.0,0.30729919087331203
1175.0,0.30784480862304864
1176.0,0.3079793507566175
1177.0,0.3078927505320886
1178.0,0.30739921160323763
1179.0,0.30773543846628637
1180.0,0.3074935786500662
1181.0,0.30755311829876014
1182.0,0.30696017211620374
1183.0,0.3073628366228264
1184.0,0.30718192958682144
1185.0,0.30687299792738365
1186.0,0.3071822233944648
1187.0,0.30708416811038924
1188.0,0.3065442932101161
1189.0,0.3067782556083209
1190.0,0.3069074753495597
1191.0,0.3067860894682307
1192.0,0.3069275351401281
1193.0,0.3066201725929365
1194.0,0.30668429115885704
1195.0,0.30660656681563186
1196.0,0.30654410966555334
1197.0,0.30678348315836884
1198.0,0.3066387851102104
1199.0,0.30639050649512817
1200.0,0.3069224696730327
1201.0,0.3068533812211146
1202.0,0.3068677967378992
1203.0,0.3069300663802594
1204.0,0.3066166601193872
1205.0,0.3069327983463714
1206.0,0.3068550220294669
1207.0,0.30685067022891893
1208.0,0.30691843044782224
1209.0,0.3069292432740588
1210.0,0.3070127117567715
1211.0,0.3068504182261748
1212.0,0.30680993100044235
1213.0,0.3072530976684531
1214.0,0.30709801663454356
1215.0,0.3067576520037241
1216.0,0.3069381840309967
1217.0,0.3071218436214011
1218.0,0.30707147150613623
1219.0,0.3070283475937608
1220.0,0.30699490373172406
1221.0,0.3070299422603009
1222.0,0.30696735635610445
1223.0,0.30664715627868194
1224.0,0.30663137584203815
1225.0,0.3066308621925761
1226.0,0.30665102339741995
1227.0,0.30622768120455474
1228.0,0.3063564048782885
1229.0,0.3062675414693662
1230.0,0.305939514321979
1231.0,0.30621990979201746
1232.0,0.3059127212699803
1233.0,0.30583507194966725
1234.0,0.30585476644867426
1235.0,0.30583560825440104
1236.0,0.305769259281269
1237.0,0.30543151436087024
1238.0,0.3054569096250261
1239.0,0.30515633525914565
1240.0,0.3051470004382105
1241.0,0.30505539840296175
1242.0,0.3047567596821807
1243.0,0.3049692472870742
1244.0,0.30466024776723716
1245.0,0.3045854960645466
1246.0,0.3045781406654976
1247.0,0.30426864523888947
1248.0,0.3041793212816984
1249.0,0.3041856586994537
1250.0,0.30387524441205643
1251.0,0.3038016405904599
1252.0,0.3038129632014652
1253.0,0.3037066156262768
1254.0,0.30338690570694454
1255.0,0.30342255188782036
1256.0,0.30307754413283466
1257.0,0.30306535002731544
1258.0,0.30279710830380047
1259.0,0.3024281622548295
1260.0,0.30266973358202653
1261.0,0.3022834482154934
1262.0,0.30194903298984277
1263.0,0.30217862381528243
1264.0,0.30177387352958823
1265.0,0.3018993763503656
1266.0,0.30155466070557774
1267.0,0.3013033514066237
1268.0,0.30122869819330195
1269.0,0.3003485645335992
1270.0,0.3010332066533809
1271.0,0.3008691236553494
1272.0,0.3006581120183243
1273.0,0.30035593281016215
1274.0,0.3001444201082853
1275.0,0.2998736397459085
1276.0,0.2996677579293767
1277.0,0.2993803516077224
1278.0,0.2994186329564424
1279.0,0.2988991612516655
1280.0,0.29889562346823784
1281.0,0.2986999794638266
1282.0,0.29822816168554234
1283.0,0.2980144405091026
1284.0,0.2977909054564988
1285.0,0.2975044009956887
1286.0,0.29730453969046156
1287.0,0.2970587836068107
1288.0,0.29677644381860196
1289.0,0.2965062727043958
1290.0,0.296346893178759
1291.0,0.2961297138346758
1292.0,0.2955229595582004
1293.0,0.2953902612172786
1294.0,0.2951662185682912
1295.0,0.29494661720257787
1296.0,0.29445046132438724
1297.0,0.2941663979098089
1298.0,0.29386429324707436
1299.0,0.293721206139452
1300.0,0.2935293978093342
1301.0,0.2926146666400532
1302.0,0.2928358814302136
1303.0,0.2924902830244997
1304.0,0.2921431853978818
1305.0,0.2921802008811435
1306.0,0.2917664325782787
1307.0,0.29105900924940714
1308.0,0.29083921993513706
1309.0,0.2905896608262657
1310.0,0.29007968310448784
1311.0,0.2896337164974622
1312.0,0.2892263151213671
1313.0,0.28856742950623665
1314.0,0.2880643127273184
1315.0,0.2874874154066068
1316.0,0.2870741883021577
1317.0,0.2864069167463761
1318.0,0.2859258465645923
1319.0,0.2850381422904594
1320.0,0.2839535032309332
1321.0,0.283621538755574
1322.0,0.28259110782905333
1323.0,0.2817075104408973
1324.0,0.281266715307749
1325.0,0.2810435389010711
1326.0,0.28035242219592055
1327.0,0.27910168457750606
1328.0,0.27801956915843207
1329.0,0.2768621754368852
1330.0,0.2765850533230908
1331.0,0.2754600410142605
1332.0,0.27469407803507406
1333.0,0.2740341412517899
1334.0,0.2725790392197817
1335.0,0.27155978786277085
1336.0,0.2705300230504842
1337.0,0.2691107674596907
1338.0,0.26823016505170827
1339.0,0.2673238366038452
1340.0,0.2667959639492371
1341.0,0.2658658424345437
1342.0,0.26500538925349
1343.0,0.2639375872472505
1344.0,0.26251250055958397
1345.0,0.2612735504612256
1346.0,0.2595083874051888
1347.0,0.25818283055808877
1348.0,0.2565622866611645
1349.0,0.2557058944774789
1350.0,0.25432013660088887
1351.0,0.2534433236348388
1352.0,0.25227345602387513
1353.0,0.2512566407740941
1354.0,0.2501142511882765
1355.0,0.24931588260157211
1356.0,0.24819080302269247
1357.0,0.2474125383964767
1358.0,0.2465308619740971
1359.0,0.24657234405611447
1360.0,0.24680792119295664
1361.0,0.246660140005551
1362.0,0.24555208902456227
1363.0,0.24436518842544544
1364.0,0.24350499809197504
1365.0,0.24267564784536566
1366.0,0.24151245206089603
1367.0,0.24074679377254743
1368.0,0.2401043215300024
1369.0,0.23826313472368457
1370.0,0.2365166251129511
1371.0,0.23439328451082084
1372.0,0.23203122804472287
1373.0,0.22997747048436504
1374.0,0.22750247724504175
1375.0,0.22475196958132346
1376.0,0.22244040550218155
1377.0,0.21991962236438298
1378.0,0.21764745145432707
1379.0,0.2151788538141668
1380.0,0.21369920374764742
1381.0,0.21066959989068365
1382.0,0.20736633211672886
1383.0,0.2034710829095502
1384.0,0.20016122931740857
1385.0,0.19556978864140906
1386.0,0.1909501129272164
1387.0,0.186709816867163
1388.0,0.18201722584294447
1389.0,0.17866629868948034
1390.0,0.1741821498950782
1391.0,0.17009627071819308
1392.0,0.1660962680435004
1393.0,0.16172559172135675
1394.0,0.15740613352920776
1395.0,0.15465538084396593
1396.0,0.15130734580377203
1397.0,0.14704964627980577
1398.0,0.14350531040792106
1399.0,0.13999028625492566
1400.0,0.13720463050037465
1401.0,0.13398056900849742
1402.0,0.13082095088550336
1403.0,0.1278957937930473
1404.0,0.1254676571580476
1405.0,0.12339867120270112
1406.0,0.1209893539402219
1407.0,0.11866547720509711
1408.0,0.11679099863538632
1409.0,0.11452736741141101
1410.0,0.11264561128145477
1411.0,0.11083036852780674
1412.0,0.1091078636021787
1413.0,0.10774865244112618
1414.0,0.10634286756840389
1415.0,0.10489929845652166
1416.0,0.10359205543320425
1417.0,0.10221342918351137
1418.0,0.10112892053955579
1419.0,0.10011100996120793
1420.0,0.09908559412986052
1421.0,0.09802686620636082
1422.0,0.09708386923613961
1423.0,0.09627274436733148
1424.0,0.0953108201810421
1425.0,0.09437014676732164
1426.0,0.09366157001503685
1427.0,0.09299861185374311
1428.0,0.09248765389131734
1429.0,0.09187707357699205
1430.0,0.09126191786443616
1431.0,0.09084994317908193
1432.0,0.09016952393034729
1433.0,0.08983047750370225
1434.0,0.089478624375891
1435.0,0.0890962001280616
1436.0,0.08877273963205741
1437.0,0.08844266958679797
1438.0,0.08807978512180387
1439.0,0.08779370737539786
1440.0,0.08746368418769165
1441.0,0.08733850999939813
1442.0,0.08704013310042835
1443.0,0.08699891538847462
1444.0,0.08697003813741133
1445.0,0.08690108584868891
1446.0,0.08660490883329018
1447.0,0.0865458863602487
1448.0,0.08665784293063429
1449.0,0.08657849825713512
1450.0,0.08665846750825373
1451.0,0.08659064472102003
1452.0,0.08663736871415464
1453.0,0.08659156799508802
1454.0,0.08686395614455407
1455.0,0.08667346353808877
1456.0,0.08691120573593286
1457.0,0.08712707810867398
1458.0,0.08740404509746671
1459.0,0.08741996609177966
1460.0,0.08745608360125882
1461.0,0.08784538023764746
1462.0,0.08812422606434309
1463.0,0.0881967820868382
1464.0,0.08877628335255881
1465.0,0.08906838678174805
1466.0,0.08944684944037253
1467.0,0.09001321847634361
1468.0,0.09052068930665441
1469.0,0.09101576100778913
1470.0,0.09154817497167422
1471.0,0.09191988843227844
1472.0,0.09261726171495663
1473.0,0.09331442912756935
1474.0,0.09380504289734341
1475.0,0.09486362425933063
1476.0,0.09513282597370691
1477.0,0.09582714584295401
1478.0,0.09652415722073227
1479.0,0.09714446003300649
1480.0,0.09799651718260416
1481.0,0.09854973927064964
1482.0,0.09911348245112724
1483.0,0.09999917057907551
1484.0,0.10071791104861672
1485.0,0.1011791575467269
1486.0,0.10192330313562001
1487.0,0.10255877706999768
1488.0,0.10320800029916508
1489.0,0.10444080886935216
1490.0,0.10494527953976882
1491.0,0.10581274034937027
1492.0,0.10661529385087531
1493.0,0.10740975632802137
1494.0,0.10808099749587795
1495.0,0.10885677086766844
1496.0,0.10982555894553131
1497.0,0.11084177880392687
1498.0,0.1113883599430167
1499.0,0.11235514831567092
1500.0,0.11338546302747494
1501.0,0.1140296858248884
1502.0,0.1149919411150891
1503.0,0.1156844244187393
1504.0,0.11670347432721681
1505.0,0.11746335602896082
1506.0,0.118355443115547
1507.0,0.11942300198707684
1508.0,0.12011484903521963
1509.0,0.12071420186520217
1510.0,0.12208088147775617
1511.0,0.12281471414693669
1512.0,0.12362545864399914
1513.0,0.12439656575337163
1514.0,0.12512352711942648
1515.0,0.1263778997468081
1516.0,0.12686480019603663
1517.0,0.12809216346061825
1518.0,0.12899907205489677
1519.0,0.1294058247376816
1520.0,0.13027183897744932
1521.0,0.1316752393498226
1522.0,0.1321933110806429
1523.0,0.13313057612198237
1524.0,0.13404498408348917
1525.0,0.13494978523306211
1526.0,0.13589902053372618
1527.0,0.13641251047609526
1528.0,0.13741012762260793
1529.0,0.13831969708214711
1530.0,0.13877580879656862
1531.0,0.13976798409694688
1532.0,0.14032948275561052
1533.0,0.14121555899954663
1534.0,0.1422346825176373
1535.0,0.1427106153044465
1536.0,0.14383761992482538
1537.0,0.14432421844437968
1538.0,0.14519936736339
1539.0,0.14570650669261082
1540.0,0.14680987074327367
1541.0,0.1473099966954942
1542.0,0.1478305705700322
1543.0,0.14888065865990677
1544.0,0.14946953886360048
1545.0,0.15003097889349434
1546.0,0.1510405337625987
1547.0,0.15166666180261776
1548.0,0.1522349708509458
1549.0,0.15280103038826845
1550.0,0.15398814579457484
1551.0,0.15455831815336096
1552.0,0.15512806838837848
1553.0,0.15578212442027112
1554.0,0.15636823939338335
1555.0,0.15695369365609155
1556.0,0.15769353765711872
1557.0,0.1583066731727468
1558.0,0.15865867311297277
1559.0,0.15920008050942144
1560.0,0.15967243768911887
1561.0,0.16012576641778914
1562.0,0.16062442440695374
1563.0,0.16116301667449454
1564.0,0.1616001202770484
1565.0,0.16221716501174516
1566.0,0.1626635333362043
1567.0,0.16325956976007322
1568.0,0.163627481293492
1569.0,0.16413512090312635
1570.0,0.16462915572007877
1571.0,0.165133803726398
1572.0,0.1656205096867641
1573.0,0.16622955327078098
1574.0,0.16679283287100866
1575.0,0.16714838926952352
1576.0,0.1678127186034331
1577.0,0.16802099577406238
1578.0,0.16857867966464815
1579.0,0.16906610790180948
1580.0,0.16950764882114636
1581.0,0.17010849408554618
1582.0,0.17058602047227528
1583.0,0.17126808165586466
1584.0,0.17161030567074048
1585.0,0.17223292472341686
1586.0,0.17275235454793497
1587.0,0.17319192356602142
1588.0,0.17349472547524353
1589.0,0.17402125604533236
1590.0,0.17439022626570613
1591.0,0.17508423312186303
1592.0,0.17561949440679026
1593.0,0.1762753955661986
1594.0,0.17698076901994395
1595.0,0.17755771457457128
1596.0,0.17786099398860652
1597.0,0.1784569703044505
1598.0,0.17885936117060097
1599.0,0.17935185684403834
1600.0,0.17981523781927977
1601.0,0.18026957227645105
1602.0,0.18069853683693418
1603.0,0.1813151628621596
1604.0,0.18173304372748364
1605.0,0.18227550126007108
1606.0,0.18271302770522166
1607.0,0.18311915996689315
1608.0,0.18338933166537705
1609.0,0.18388311741276694
1610.0,0.18408224190597583
1611.0,0.18455445743850377
1612.0,0.18492126914342796
1613.0,0.18546330624278382
1614.0,0.18583212708629757
1615.0,0.18629547920812986
1616.0,0.18659064600901568
1617.0,0.1869593985669125
1618.0,0.18723457299363247
1619.0,0.18768552236218616
1620.0,0.18787917895362644
1621.0,0.1882190866572763
1622.0,0.18868818181254726
1623.0,0.1890522060251857
1624.0,0.1895034279081169
1625.0,0.18978552361580608
1626.0,0.18993120598536428
1627.0,0.19030971073834688
1628.0,0.19050027182422039
1629.0,0.19077711638760214
1630.0,0.1909787939143367
1631.0,0.19123676249778976
1632.0,0.1912434691298905
1633.0,0.19161268615975188
1634.0,0.1919472251847877
1635.0,0.19230845774348326
1636.0,0.19241623415825754
1637.0,0.19270354916771645
1638.0,0.19289519443440226
1639.0,0.19320444540108606
1640.0,0.19304567870685976
1641.0,0.19346934105342406
1642.0,0.19368576783698602
1643.0,0.19391196892231863
1644.0,0.19402574934639705
1645.0,0.19428130147053826
1646.0,0.1943676676178012
1647.0,0.19452236348715016
1648.0,0.19438550020620646
1649.0,0.19479259016440906
1650.0,0.19466820499176757
1651.0,0.19447623532310684
1652.0,0.1944925255626916
1653.0,0.19456817117272282
1654.0,0.1940692030576246
1655.0,0.1940577443770079
1656.0,0.1938541168996399
1657.0,0.19381549023991956
1658.0,0.19325682531818583
1659.0,0.1930147169126226
1660.0,0.19279180218227954
1661.0,0.1925074084913163
1662.0,0.19218844241394425
1663.0,0.1918591954825121
1664.0,0.1915228297045585
1665.0,0.19122303907909596
1666.0,0.19056176371131844
1667.0,0.19040613306246576
1668.0,0.18988569763032354
1669.0,0.189525736167916
1670.0,0.1895419473818071
1671.0,0.19071643415758777
1672.0,0.190173493477538
1673.0,0.18993967337325807
1674.0,0.1894869382061898
1675.0,0.18907141755548248
1676.0,0.18853923181352394
1677.0,0.1882140236268179
1678.0,0.18776665137132253
1679.0,0.1873548543044816
1680.0,0.18682033506511322
1681.0,0.18641073011328468
1682.0,0.18572301033607086
1683.0,0.18527733903096225
1684.0,0.18481541458240844
1685.0,0.18425438470793176
1686.0,0.18375954012021714
1687.0,0.1832029852571333
1688.0,0.182567674428394
1689.0,0.18213193790441148
1690.0,0.18153360483077924
1691.0,0.18109262871128795
1692.0,0.1807384087609186
1693.0,0.18035024799310603
1694.0,0.17967449751072848
1695.0,0.17930854612241479
1696.0,0.17877503312412268
1697.0,0.17820703931565643
1698.0,0.1778165820102143
1699.0,0.1772029529947565
1700.0,0.17666323747478613
1701.0,0.1762255889216237
1702.0,0.17564919570171458
1703.0,0.1751907106313916
1704.0,0.17486316654401757
1705.0,0.17442089261533114
1706.0,0.1740174153233044
1707.0,0.17358241917588216
1708.0,0.17298978546349061
1709.0,0.1727510563923563
1710.0,0.1723666566235419
1711.0,0.17187293547868807
1712.0,0.17138194926934078
1713.0,0.1710597785416797
1714.0,0.17057332928203048
1715.0,0.17033232916263633
1716.0,0.16994257097600787
1717.0,0.169718239642044
1718.0,0.16928742767157534
1719.0,0.1689675869071103
1720.0,0.1685404315852848
1721.0,0.1682492551688606
1722.0,0.1679487657619524
1723.0,0.16767049973893264
1724.0,0.1673929292262582
1725.0,0.1671800260062666
1726.0,0.16685216092110589
1727.0,0.16679100819833154
1728.0,0.16670846672824735
1729.0,0.16660481255825807
1730.0,0.16641665629384
1731.0,0.1665505254057775
1732.0,0.1665674323295695
1733.0,0.1666165892713793
1734.0,0.1664961580325185
1735.0,0.166566177989847
1736.0,0.1667899212604308
1737.0,0.16675917737073281
1738.0,0.1667709206531386
1739.0,0.16667674314520142
1740.0,0.1666248619414256
1741.0,0.1665603974617926
1742.0,0.16648464779774025
1743.0,0.1663774520401701
1744.0,0.16616451287289058
1745.0,0.16584678393542196
1746.0,0.1656098002201616
1747.0,0.16549851459201245
1748.0,0.16513732646571933
1749.0,0.16490205285311485
1750.0,0.16468798626598716
1751.0,0.16431784946463435
1752.0,0.16388745496168494
1753.0,0.16360187422829944
1754.0,0.16341898959350026
1755.0,0.16315464074454433
1756.0,0.16282801465310348
1757.0,0.16250255068775457
1758.0,0.16223858981215955
1759.0,0.16211581080932355
1760.0,0.16181275142462903
1761.0,0.16168378695326122
1762.0,0.16153374505191284
1763.0,0.16146208230206635
1764.0,0.16117000138579077
1765.0,0.16103543797393294
1766.0,0.16099440612525792
1767.0,0.16103243321580377
1768.0,0.1609909679467829
1769.0,0.16096907391759743
1770.0,0.161006446090973
1771.0,0.16121792627599707
1772.0,0.1614883859138208
1773.0,0.16135919363689397
1774.0,0.16140756459021308
1775.0,0.16147385695553063
1776.0,0.16147806118832073
1777.0,0.16176146688707455
1778.0,0.1619051580201176
1779.0,0.16188845466210816
1780.0,0.16195147317906033
1781.0,0.16190007796435477
1782.0,0.16195754185776096
1783.0,0.1617734503970462
1784.0,0.16164807737211948
1785.0,0.16138151304638923
1786.0,0.16120174214199492
1787.0,0.1611209411287654
1788.0,0.1612580538491727
1789.0,0.16131535209701753
1790.0,0.1612828285227305
1791.0,0.16143750027347256
1792.0,0.16135015142271145
1793.0,0.16143714797391692
1794.0,0.16145762932348973
1795.0,0.1615076170839671
1796.0,0.16150025111837854
1797.0,0.16166131353904115
1798.0,0.16196151415727697
1799.0,0.1620401129351708
1800.0,0.1620965717276615
1801.0,0.1623932633569896
1802.0,0.16245746601014457
1803.0,0.1626610766451978
1804.0,0.16274058476109995
1805.0,0.16295678965694235
1806.0,0.16303490767000448
1807.0,0.1631226124465284
1808.0,0.16304732491919333
1809.0,0.1630726884507203
1810.0,0.1630970272973215
1811.0,0.16314513912057652
1812.0,0.1630809325625557
1813.0,0.16316747236472284
1814.0,0.16327174708905132
1815.0,0.16349278782071625
1816.0,0.16338062498374298
1817.0,0.16348270441209709
1818.0,0.1635337822383534
1819.0,0.16356477580166612
1820.0,0.16382118914928387
1821.0,0.16377007037024935
1822.0,0.16380073358311578
1823.0,0.16389282746083922
1824.0,0.1638315767841437
1825.0,0.16402605385615573
1826.0,0.1640565312419696
1827.0,0.16402543881098308
1828.0,0.16376919637949533
1829.0,0.16381990110615827
1830.0,0.16380961321570287
1831.0,0.1636919739761352
1832.0,0.16337095586826436
1833.0,0.16329526336682895
1834.0,0.1631590260676499
1835.0,0.16295250460636027
1836.0,0.16292165122005112
1837.0,0.16289077396966464
1838.0,0.16257713254546804
1839.0,0.162415075567098
1840.0,0.1622595626140926
1841.0,0.16171217968617616
1842.0,0.1612833247024623
1843.0,0.16064959395621803
1844.0,0.15995202456809798
1845.0,0.15961022185750254
1846.0,0.15917799514847927
1847.0,0.15867950040123352
1848.0,0.1576093399952063
1849.0,0.15647486265637706
1850.0,0.15597371601798768
1851.0,0.15501646654499188
1852.0,0.1534512515973978
1853.0,0.15236716159013397
1854.0,0.15144183181722776
1855.0,0.14996451420638338
1856.0,0.14840261813253433
1857.0,0.14695425848221563
1858.0,0.1454691682301023
1859.0,0.1440676305160606
1860.0,0.1416913661151296
1861.0,0.14026035706016288
1862.0,0.13701187688671274
1863.0,0.13468883133918885
1864.0,0.13219818945587208
1865.0,0.13019424976668462
1866.0,0.12742266208952482
1867.0,0.12533848506851897
1868.0,0.12253719746890696
1869.0,0.12017081206785361
1870.0,0.11621096041660896
1871.0,0.11308287714922541
1872.0,0.11010571924395052
1873.0,0.10668783515723447
1874.0,0.10369378997473495
1875.0,0.10004011900959336
1876.0,0.09666579828312821
1877.0,0.0915818105115395
1878.0,0.08790115245476793
1879.0,0.08432389540817158
1880.0,0.08098012630406408
1881.0,0.07706715715595812
1882.0,0.07385386999275159
1883.0,0.06894013855294695
1884.0,0.0655291085663255
1885.0,0.062357119417453075
1886.0,0.05931355548395145
1887.0,0.056172919113291434
1888.0,0.05247143841580052
1889.0,0.04966690549991797
1890.0,0.047247045241005814
1891.0,0.044952108343919286
1892.0,0.042695265848925065
1893.0,0.04005877673566443
1894.0,0.038195028181869956
1895.0,0.036557342505562834
1896.0,0.0350995940473425
1897.0,0.03385931791531201
1898.0,0.032077394462844584
1899.0,0.03104780915830604
1900.0,0.030074660273767987
1901.0,0.02910602976549325
1902.0,0.02814247403180969
1903.0,0.027233505434980772
1904.0,0.026643521873429776
1905.0,0.026077851641299356
1906.0,0.02547176476664408
1907.0,0.024943155541102626
1908.0,0.024440481204512275
1909.0,0.024171276231559544
1910.0,0.023702983318770434
1911.0,0.02345510394267485
1912.0,0.023011296766290122
1913.0,0.0227855861635894
1914.0,0.022561750900295087
1915.0,0.022348080503314896
1916.0,0.022140459893939844
1917.0,0.021939934647449415
1918.0,0.02174404456749525
1919.0,0.021729045878451935
1920.0,0.02152938046375011
1921.0,0.021513933103005034
1922.0,0.021328032367918817
1923.0,0.021307159898854584
1924.0,0.021296140336221733
1925.0,0.021286467552637783
1926.0,0.021104815105052504
1927.0,0.02109582874394627
1928.0,0.021085689444113875
1929.0,0.021079322071458264
1930.0,0.021245183239047897
1931.0,0.021247735383026545
1932.0,0.021243866771617645
1933.0,0.021234734326129504
1934.0,0.021400001625651865
1935.0,0.02140029050233536
1936.0,0.021575202379991568
1937.0,0.021574589938635296
1938.0,0.02174643163920771
1939.0,0.02192529957012348
1940.0,0.021927174062292925
1941.0,0.02211383185210132
1942.0,0.02230118616490044
1943.0,0.02249115779000366
1944.0,0.02269005975249942
1945.0,0.022690011461233835
1946.0,0.02289167995587443
1947.0,0.023105246411996173
1948.0,0.023310903221842323
1949.0,0.023526203364450805
1950.0,0.023736209485775508
1951.0,0.023958760105165722
1952.0,0.024186411387451142
1953.0,0.024415359438396372
1954.0,0.024649279023701596
1955.0,0.02488891606596903
1956.0,0.02513568463716687
1957.0,0.02538504329976523
1958.0,0.02563827364482618
1959.0,0.02589529164762701
1960.0,0.026149908646895578
1961.0,0.026414881537905683
1962.0,0.0269485785214976
1963.0,0.026955184296202802
1964.0,0.027517035489220767
1965.0,0.027811278928884024
1966.0,0.027830021703248876
1967.0,0.028334926207018926
1968.0,0.028635343789811123
1969.0,0.0290119837396217
1970.0,0.02928164882210202
1971.0,0.029736801299211787
1972.0,0.03000668095060752
1973.0,0.030251210687170755
1974.0,0.030711463002512044
1975.0,0.03102709551979402
1976.0,0.03143091166929393
1977.0,0.03173313323337287
1978.0,0.03222955186134048
1979.0,0.032501557301332695
1980.0,0.03296861016320968
1981.0,0.03330941365523751
1982.0,0.03360980904301795
1983.0,0.034107106455788384
1984.0,0.034450483869149125
1985.0,0.03493726843990049
1986.0,0.03524214649935424
1987.0,0.035727048198309644
1988.0,0.03604314443006652
1989.0,0.03650637481199778
1990.0,0.036883535651188584
1991.0,0.03729456159296133
1992.0,0.0376270470375628
1993.0,0.038115764175559785
1994.0,0.038460959350959154
1995.0,0.03890980012206874
1996.0,0.03925578027224951
1997.0,0.039738143841072604
1998.0,0.04006419853697869
1999.0,0.040548199066490376
2000.0,0.0409141749243284
2001.0,0.04117822311370571
2002.0,0.041680151844520716
2003.0,0.04219099219098298
2004.0,0.04251704776657045
2005.0,0.04295668994727844
2006.0,0.04330463030061864
2007.0,0.043767479999047475
2008.0,0.04405089445957913
2009.0,0.044543928856191004
2010.0,0.04481741959650918
2011.0,0.045230203578900785
2012.0,0.045512747121846
2013.0,0.04601568279118773
2014.0,0.04629473500709312
2015.0,0.046699017871362714
2016.0,0.046965187819025346
2017.0,0.047429628103857424
2018.0,0.04762868564703399
2019.0,0.04795178075666538
2020.0,0.048230192529910496
2021.0,0.04859124883552005
2022.0,0.04903381044611505
2023.0,0.04914234977231661
2024.0,0.049513223182421115
2025.0,0.04972877434844683
2026.0,0.05007507112133581
2027.0,0.05010136294726915
2028.0,0.050479506616157466
2029.0,0.050752652719142546
2030.0,0.05097296896000455
2031.0,0.05116840423292344
2032.0,0.051281251882708934
2033.0,0.0516761415863268
2034.0,0.05170593561442235
2035.0,0.05199198839746086
2036.0,0.05218952939908905
2037.0,0.05230146515190437
2038.0,0.052500671310492825
2039.0,0.05252605358471592
2040.0,0.0528435159518542
2041.0,0.05313763507393973
2042.0,0.05316639929184632
2043.0,0.05337388520627976
2044.0,0.05340292374385666
2045.0,0.05352189163982484
2046.0,0.053727848857729806
2047.0,0.053752451564064115
2048.0,0.05395802884954788
2049.0,0.05410244751633334
2050.0,0.0542154719077635
2051.0,0.05433574498950603
2052.0,0.05436632443699333
2053.0,0.054486174304679405
2054.0,0.0548237616977354
2055.0,0.05475639315599485
2056.0,0.055106684108495854
2057.0,0.055049074834562964
2058.0,0.05540199778866128
2059.0,0.05566222458971521
2060.0,0.05573116682615967
2061.0,0.055988388572974286
2062.0,0.05624742902780776
2063.0,0.05640991430190539
2064.0,0.056707868219993594
2065.0,0.0569719216766141
2066.0,0.05713958327597883
2067.0,0.05730812667392161
2068.0,0.057714679855409845
2069.0,0.05778379113219509
2070.0,0.05809278383540124
2071.0,0.05837360105284678
2072.0,0.05858995015684178
2073.0,0.05876928630103551
2074.0,0.05919661463843689
2075.0,0.05927212484496961
2076.0,0.0595986942646835
2077.0,0.05978385047344976
2078.0,0.06000595472659303
2079.0,0.060342333584870456
2080.0,0.06053100934094651
2081.0,0.060607364042569806
2082.0,0.0609430525700224
2083.0,0.06113217332342992
2084.0,0.06136325865794495
2085.0,0.061441325735023145
2086.0,0.06178718471198514
2087.0,0.061983149591284425
2088.0,0.06221839977471891
2089.0,0.062300748514096
2090.0,0.06265809126313826
2091.0,0.06273873236177634
2092.0,0.06297598580758319
2093.0,0.06317540693269805
2094.0,0.06341538824552767
2095.0,0.0635014185651634
2096.0,0.0637424891824343
2097.0,0.0639449365758621
2098.0,0.06418872463699973
2099.0,0.0642715907981625
2100.0,0.06451736919468673
2101.0,0.0647334670621497
2102.0,0.0648641561025374
2103.0,0.06524373819978425
2104.0,0.06533433467338327
2105.0,0.06559221886697456
2106.0,0.06572305346390013
2107.0,0.06598510104764145
2108.0,0.06607493584032871
2109.0,0.06633526885213377
2110.0,0.06659729134147162
2111.0,0.06655876492886278
2112.0,0.06682555109947932
2113.0,0.06708998313821668
2114.0,0.06722500745951747
2115.0,0.06731686428856866
2116.0,0.06745308598139634
2117.0,0.06772204788119865
2118.0,0.06786379898602779
2119.0,0.06813545928909107
2120.0,0.06840890990075564
2121.0,0.0686850353055639
2122.0,0.06864587493654686
2123.0,0.06892353316095788
2124.0,0.06907026539535452
2125.0,0.06935069915537745
2126.0,0.06949444743042309
2127.0,0.06963866911305443
2128.0,0.06974151400091938
2129.0,0.06988654598849685
2130.0,0.0700320573983261
2131.0,0.07031947537841471
2132.0,0.07046723053525678
2133.0,0.07061990017707219
2134.0,0.07057947344206686
2135.0,0.07087050938638123
2136.0,0.0710181184235385
2137.0,0.07117069542872964
2138.0,0.07112773148728972
2139.0,0.07127620511545074
2140.0,0.07142518203632321
2141.0,0.07138528840080735
2142.0,0.07153346071409755
2143.0,0.0716821317313618
2144.0,0.07183130374737771
2145.0,0.07198097907106608
2146.0,0.07212931036572166
2147.0,0.07208682401177909
2148.0,0.07208846626427284
2149.0,0.07223697548360687
2150.0,0.07238592365066754
2151.0,0.07253871632427938
2152.0,0.07269664282884708
2153.0,0.07285049975261391
2154.0,0.07300488578338224
2155.0,0.0730097946143733
2156.0,0.07316281119773445
2157.0,0.07331634998834367
2158.0,0.07347509309174534
2159.0,0.07347810774582318
2160.0,0.0736327172360391
2161.0,0.07378795904790335
2162.0,0.07379573582556824
2163.0,0.07395141340714415
2164.0,0.07410756195967214
2165.0,0.07411044411852137
2166.0,0.07447470285218868
2167.0,0.07448437182554793
2168.0,0.07464428428265502
2169.0,0.07464919125609888
2170.0,0.07501775473798063
2171.0,0.07502564064054391
2172.0,0.07518555146552647
2173.0,0.07539841980324916
2174.0,0.07555961142780242
2175.0,0.07556266067580579
2176.0,0.07594337977764785
2177.0,0.07594823924427688
2178.0,0.07616641908765412
2179.0,0.07633208557745362
2180.0,0.07671914210030822
2181.0,0.07693746216261671
2182.0,0.07710225383247424
2183.0,0.07732211657264709
2184.0,0.07732318022458931
2185.0,0.07770938585533138
2186.0,0.07772106748194492
2187.0,0.07811624041492
2188.0,0.07834626316362339
2189.0,0.07835284866315637
2190.0,0.07875315942751553
2191.0,0.07875738646307552
2192.0,0.07899319421443188
2193.0,0.07922497133195532
2194.0,0.07922923292867229
2195.0,0.07946214285105759
2196.0,0.07969132606775353
2197.0,0.07969575147059511
2198.0,0.07992557341430324
2199.0,0.07992426153390218
2200.0,0.0803295023998219
2201.0,0.08033845181595857
2202.0,0.08057613545859088
2203.0,0.08081500158056773
2204.0,0.08081878323452621
2205.0,0.08105887857029978
2206.0,0.08107016421203003
2207.0,0.0813135926746048
2208.0,0.0813195328822791
2209.0,0.08156414397314928
2210.0,0.0815754528964109
2211.0,0.08181638778169269
2212.0,0.08181736954940838
2213.0,0.08205936024965516
2214.0,0.08206562867188198
2215.0,0.0820664054822637
2216.0,0.08231219731285397
2217.0,0.08213371117295175
2218.0,0.08214266118926296
2219.0,0.0821461988131905
2220.0,0.08239242686554285
2221.0,0.08239322606777164
2222.0,0.08239942132815425
2223.0,0.08240010971910879
2224.0,0.08240074080687647
2225.0,0.08215858223149411
2226.0,0.08198405852608498
2227.0,0.08198554826915666
2228.0,0.08174632614238528
2229.0,0.08150825734084775
2230.0,0.08109312591332904
2231.0,0.08109816038264717
2232.0,0.08086135794499516
2233.0,0.08039145581520249
2234.0,0.07998370400486021
2235.0,0.07975205117559377
2236.0,0.07929840671332507
2237.0,0.07890024509122039
2238.0,0.0784493147451811
2239.0,0.07822540392182532
2240.0,0.0776148572419253
2241.0,0.07717393244528532
2242.0,0.07657977351594517
2243.0,0.0761481881371525
2244.0,0.07535114924356734
2245.0,0.07493055246703817
2246.0,0.07414816210341536
2247.0,0.07373263206214062
2248.0,0.07317025328137239
2249.0,0.07256548540723601
2250.0,0.07202206491959895
2251.0,0.07129227407265312
2252.0,0.07090617582453532
2253.0,0.07019411066611583
2254.0,0.0696779703781353
2255.0,0.06912211514775071
2256.0,0.06861705749895201
2257.0,0.06793980763561298
2258.0,0.06758466383566554
2259.0,0.06692354633423239
2260.0,0.06657257516978932
2261.0,0.06610060974258386
2262.0,0.06546636435960977
2263.0,0.06500700517957743
2264.0,0.06455284131305603
2265.0,0.06410378979855386
2266.0,0.0637846192373561
2267.0,0.063344713568936
2268.0,0.06290956203740496
2269.0,0.062324210555572426
2270.0,0.06190003416774061
2271.0,0.06174882821006069
2272.0,0.06133358965766139
2273.0,0.06107211520347018
2274.0,0.06055322239698116
2275.0,0.06030066753329324
2276.0,0.059903234939045744
2277.0,0.059762030199994126
2278.0,0.05951351047714287
2279.0,0.05926665938848678
2280.0,0.059021461081763676
2281.0,0.058634513236953324
2282.0,0.05839042675072109
2283.0,0.05814789668474214
2284.0,0.057769877655520524
2285.0,0.05739571510717854
2286.0,0.05706012157786103
2287.0,0.05683081983860612
2288.0,0.05636878855923698
2289.0,0.05601030700228009
2290.0,0.055784516330737076
2291.0,0.05556128421485741
2292.0,0.05511676830091972
2293.0,0.054897791419659704
2294.0,0.0546801981851225
2295.0,0.05446397607705787
2296.0,0.054155928443288245
2297.0,0.0538201999324616
2298.0,0.05351792037440863
2299.0,0.05330841759094504
2300.0,0.05310020044129537
2301.0,0.052892383083765926
2302.0,0.052597459273766224
2303.0,0.05239568017705593
2304.0,0.052105171120664005
2305.0,0.05201888637751239
2306.0,0.05173523044529195
2307.0,0.051653400004136624
2308.0,0.051486323673975196
2309.0,0.05151861746599103
2310.0,0.05135217997919333
2311.0,0.051268214138943904
2312.0,0.05121247771031421
2313.0,0.051241307563795024
2314.0,0.050988961573957894
2315.0,0.051129617946865026
2316.0,0.05096208360979002
2317.0,0.050906753184582314
2318.0,0.05082364805424318
2319.0,0.05087969094464268
2320.0,0.05079644182316257
2321.0,0.05063099785391942
2322.0,0.05049658213264546
2323.0,0.050417753746722
2324.0,0.05036644258077741
2325.0,0.05020583358557825
2326.0,0.05004434711517835
2327.0,0.05007340965401008
2328.0,0.049721207366611585
2329.0,0.04956221559662137
2330.0,0.04948399148828177
2331.0,0.04932693607407067
2332.0,0.049062697815275724
2333.0,0.04890778412487856
2334.0,0.04872769934097662
2335.0,0.04841694244450643
2336.0,0.04823722696615656
2337.0,0.04808372399103119
2338.0,0.04793073094052712
2339.0,0.04767510264968081
2340.0,0.047373845858899935
2341.0,0.04730309190030971
2342.0,0.04705730572550533
2343.0,0.04691362505177443
2344.0,0.046770597786955304
2345.0,0.04662822311048467
2346.0,0.04640815346445071
2347.0,0.04635946931657711
2348.0,0.04621489890022429
2349.0,0.04616599965447467
2350.0,0.046021774012800644
2351.0,0.04583601663225743
2352.0,0.045860886182026724
2353.0,0.04574651202831134
2354.0,0.045609195532359946
2355.0,0.0454724843541753
2356.0,0.045428023206886436
2357.0,0.045244645043058106
2358.0,0.04520054122769311
2359.0,0.04524872314344244
2360.0,0.04511254279795273
2361.0,0.04506730002542388
2362.0,0.04481653464409385
2363.0,0.04477173642619059
2364.0,0.04472699769003558
2365.0,0.044682318211571655
2366.0,0.04450079389278981
2367.0,0.04436473477338083
2368.0,0.044228645079344604
2369.0,0.04402585752888613
2370.0,0.043977397769411425
2371.0,0.04380527575565252
2372.0,0.04367946496636784
2373.0,0.04348863260714438
2374.0,0.04344986316430714
2375.0,0.043216931500498185
2376.0,0.043239344604159693
2377.0,0.04304764733699346
2378.0,0.04285529278541886
2379.0,0.04281382827584661
2380.0,0.04258306228887086
2381.0,0.042457278699282855
2382.0,0.042269578835798786
2383.0,0.04222523868917723
2384.0,0.04191550554733992
2385.0,0.04179132425222412
2386.0,0.041691022514054654
2387.0,0.041571041852516
2388.0,0.04126976909551012
2389.0,0.04115180693448981
2390.0,0.04097523955332304
2391.0,0.040857338821024144
2392.0,0.04056670714191626
2393.0,0.04031782748958573
2394.0,0.040145739458028934
2395.0,0.04010934445812031
2396.0,0.039823642479044734
2397.0,0.039710898750114465
2398.0,0.039541199880788094
2399.0,0.03942984596935763
2400.0,0.03915214573673165
